text,risk_score
"RT @CMorhamed: He always gives me a cup of teağŸ˜³ğŸ¥µ
Actor @taylonsoarez

Complete on platforms ğŸ”¥
Only Fans;
https://t.co/efaTTHS6Au
OnNowPlay;â€¦",0.0
"#ThisMorning on #BRN | #Retirement | #2091 | #HowTo #Move and #Live #Abroad | Brett Andrews, @expatsiTest  | #Tunein: https://t.co/Mirjyr9FhR #Aging, #Finance, #Lifestyle, #Privacy, #Retirement, #Wellness and #More - #everyday https://t.co/9zx7uVe737",100.0
"RT @brennovillarx: Flamenguista pentelhudo ğŸ”¥

#NSFW #AdultContent #OnlyFans #ContentCreator #SubscribeToMyOnlyFans #Privacy https://t.co/zCâ€¦",22.22
"RT @brennovillarx: Wataa ğŸ”¥

#NSFW #AdultContent #OnlyFans #ContentCreator #SubscribeToMyOnlyFans #Privacy https://t.co/lIdhWaDOEi",11.11
"@Dougtheannoyed @FrankMikeDavis1 @RollingStone #ElonMusk &amp; corrupt #Dentsu 
#manipulation with #paid #trolls activities on #platform #X 
aiming #TaxPayerMoney, 
#privacy #data

#DeportNaziMusk #Dentsu #paid #trolls #HumanRightsViolations 
#classactionlawsuit #memo https://t.co/KznzjeR7nO",44.44
"Whyâ€™s this cooler than bridges? 

No asset mint/burn. No synthetic liquidity.

State stays native, Controller contracts handle risk globally, so you debug at the logic levelâ€”never at some sketchy bridge node.

Youâ€™re one step from full on-chain auditability.
#CodeLogic #Security https://t.co/zmUHEgzBlb",22.22
"RT @401_da_sarpanch: #PRIVACY: The New Liberal Border â€˜Bill C-2â€™ Will Allow Police To Contact Internet Companies To Get Your Name, Address,â€¦",22.22
Requesting $SUI funds from the #Stakely Faucet on the Sui blockchain. Request ID: UZ1YU2U4 #privacy https://t.co/9hz43zmtCN,22.22
"RT @lludovicki: Macho cacetudo deixou meu cu bem larguinho @xxx|dvc
#Onlyfans.com/psvxxx
#Onnowplay.com/psvxxx
#Privacy.com.br/@lludovickiâ€¦",33.33
"RT @401_da_sarpanch: #PRIVACY: The New Liberal Border â€˜Bill C-2â€™ Will Allow Police To Contact Internet Companies To Get Your Name, Address,â€¦",22.22
"ğŸš¨ #EtherFi says Discord breach is contained, urges vigilance. ğŸ’¸ U.S. spot #BitcoinETF sees $131.6M in net outflows this week.
#USDC #ETHA #BTC #Bitget #Security #ETF #Web3News #CryptoUpdate",88.89
"RT @lludovicki: Macho cacetudo deixou meu cu bem larguinho @xxx|dvc
#Onlyfans.com/psvxxx
#Onnowplay.com/psvxxx
#Privacy.com.br/@lludovickiâ€¦",33.33
"RT @401_da_sarpanch: #PRIVACY: The New Liberal Border â€˜Bill C-2â€™ Will Allow Police To Contact Internet Companies To Get Your Name, Address,â€¦",22.22
"If you use #chatGPT you should be aware of this:

#NYT #copyrightprotection #privacy 

https://t.co/S06qsJTiI1",0.0
"RT @401_da_sarpanch: #PRIVACY: The New Liberal Border â€˜Bill C-2â€™ Will Allow Police To Contact Internet Companies To Get Your Name, Address,â€¦",22.22
"Onlyfans: https://t.co/rCfuxgoE0S
Privacy: https://t.co/oPP2ypc5Uf

#onlyfans #onlyfansbr #privacy #tatuadasbr #hotzone #onlyfansgirl https://t.co/meRXFtd6Ee",0.0
"RT @mascarponesoul: Big Brother in the bathroom? ğŸš½ No thanks! My new song ""Alexa, Let Me Poop in Peace"" https://t.co/Zz4WhgXgek new song isâ€¦",0.0
"@JeniferNar26648 Could you share more details about your approach, perhaps in a future call?   I'm available next week.  #BlockchainTax #FractionalNFTs #Privacy #RegulatoryCompliance",33.33
How #AI can help close #IoTâ€™s growing #security gaps to contain #ransomware - https://t.co/9rYo3arSiq #OT #ICS #iiot #malware #cybersecurity #infosec https://t.co/5hYfJUv73V,22.22
"RT @VeilidNetwork: Hey folks, we are in the final days of our summer fundraiser for Veilid! Consider getting some cool gear while helping mâ€¦",33.33
"RT @CMorhamed: He always gives me a cup of teağŸ˜³ğŸ¥µ
Actor @taylonsoarez

Complete on platforms ğŸ”¥
Only Fans;
https://t.co/efaTTHS6Au
OnNowPlay;â€¦",0.0
"AI is going agentic â€” but without confidentiality, it wonâ€™t earn trust.
Big props to @AutonomysNet, @SecretNetwork &amp; @hackenclub for leading this con @Futurist_conf.
ğŸ”’ Privacy is infrastructure.
ğŸ“º https://t.co/QVf1AqnbtR
ğŸ”— https://t.co/URz6IAJy1V
#AI #Web3 #Privacy #Autonomys https://t.co/nhFWHz7sv6",33.33
"RT @anaclaragaucha: Ã‰ real. E estÃ¡ no ar. Agora tambÃ©m no #privacy
https://t.co/U4TiekRru1 https://t.co/jjbXbKTDR5",11.11
"RT @CMorhamed: He always gives me a cup of teağŸ˜³ğŸ¥µ
Actor @taylonsoarez

Complete on platforms ğŸ”¥
Only Fans;
https://t.co/efaTTHS6Au
OnNowPlay;â€¦",0.0
"RT @401_da_sarpanch: #PRIVACY: The New Liberal Border â€˜Bill C-2â€™ Will Allow Police To Contact Internet Companies To Get Your Name, Address,â€¦",22.22
Requesting $SUI funds from the #Stakely Faucet on the Sui blockchain. Request ID: MFLCGUIF #privacy https://t.co/PRtFijT1Rh,11.11
"Check It Out &gt;&gt; Episode 4 in Series 6 of the @CorixPartners Cyber #Security Transformation #Podcast, hosted by @Corix_JC

""The â€œWhatâ€, the â€œHowâ€ and the â€œWhoâ€ of #Change"" &gt;&gt; https://t.co/d2SmcaQPGC 

#cybersecurity #infosec #business #leadership #CISO #CIO #CTO #CEO https://t.co/ekU1GVbaXA",33.33
"RT @CMorhamed: He always gives me a cup of teağŸ˜³ğŸ¥µ
Actor @taylonsoarez

Complete on platforms ğŸ”¥
Only Fans;
https://t.co/efaTTHS6Au
OnNowPlay;â€¦",0.0
Check it. Social Security privacy concerns mount as US Supreme Court authorises DOGE's access to data of millions of ... https://t.co/hTZlfP0DYR via @economictimes #tech #digital #data #privacy,55.56
"RT @CMorhamed: He always gives me a cup of teağŸ˜³ğŸ¥µ
Actor @taylonsoarez

Complete on platforms ğŸ”¥
Only Fans;
https://t.co/efaTTHS6Au
OnNowPlay;â€¦",0.0
"#PRIVACY: The New Liberal Border â€˜Bill C-2â€™ Will Allow Police To Contact Internet Companies To Get Your Name, Address, Location And Other Details Without A Search Warrant. Allow Surveillance On Your Mail For 60 Days. Makes It Illegal For Any Business, Profession Or Charity To https://t.co/1zvcY3p2ut",22.22
"RT @taylabbzinha: oioi tenho vip no telegram com muitos vÃ­deos e fotos 
https://t.co/iiJNmxzPOc 

#transgirl
#trans
#PINTOAWARD 
#privacy hâ€¦",0.0
"Wondering how to #Recover, #hacked, retrieve, or protect any accounts or wallets DM
nOW
#CyberSecurity #hacker #infosec @tech #opensource #crime #gdpr #cloud
#cloudsecurity #dataprotection
#Privacy #cloudcomputing #malware #ransomware
#100DaysOfHacking 
#100DaysOfCode",22.22
"RT @taylabbzinha: oioi tenho vip no telegram com muitos vÃ­deos e fotos 
https://t.co/iiJNmxzPOc 

#transgirl
#trans
#PINTOAWARD 
#privacy hâ€¦",0.0
"If your account is Hacked, or your Account is being tempered with, All you need is a Good hacker...
Inbox now for all Hacking Services
#Hacked #icloud #snapchat #Discord #Roblox #missingphone #privacy
Inbox me I'm available 24/7
#CYBER #dropbox #Hacked #Hackedgmail #Chrome",88.89
"RT @brennovillarx: Flamenguista pentelhudo ğŸ”¥

#NSFW #AdultContent #OnlyFans #ContentCreator #SubscribeToMyOnlyFans #Privacy https://t.co/zCâ€¦",22.22
"#IndoPacific Vision by Japanâ€™s Foreign Minister

Watch Takeshi lwaya explore shared vision for #peace, #security, and prosperity in the #IndoPacific at #RaisinaTokyo2025

https://t.co/2mTg5l51NM",44.44
RT @feralartist: @Rep_Stansbury #Congress must stop the selling of our Data to Russia by Doge. #Doge canâ€™t be trusted. They are #druggies.â€¦,44.44
"MacOS makes it difficult to password protect an image file or screenshot, but with a bit of fancy footwork, you can save them for your eyes only anyway. Here's the trick that will help you retain your digital privacy... https://t.co/LTeBubjZQx #mac #macos #privacy #security https://t.co/beDBMzSmiv",11.11
"AtualizaÃ§Ã£o...https://t.co/16eWkYgRpd

#OnlyFans #privacy #onnowplay #vip #telegram https://t.co/CUWYj2uGvC",11.11
"What is your daily quest ?

#infosec #cybersecurity #cybersecuritytips #microsoft #redteam #informationsecurity #CyberSec #ai #offensivesecurity #infosecurity #cyberattacks #security #oscp #cybersecurityawareness #bugbounty #bugbountytips https://t.co/hTW2GpTAj1",44.44
"RT @CMorhamed: He always gives me a cup of teağŸ˜³ğŸ¥µ
Actor @taylonsoarez

Complete on platforms ğŸ”¥
Only Fans;
https://t.co/efaTTHS6Au
OnNowPlay;â€¦",0.0
Robots powered by SaharaAI and blockchain are enhancing the security of online marketplaces in the economy. This protects both buyers and sellers. #OnlineMarketplaces #Security @SaharaLabsAI #AIforALL,0.0
"RT @CMorhamed: He always gives me a cup of teağŸ˜³ğŸ¥µ
Actor @taylonsoarez

Complete on platforms ğŸ”¥
Only Fans;
https://t.co/efaTTHS6Au
OnNowPlay;â€¦",0.0
"The Cybersecurity #Leadership Handbook for the #CISO and the #CEO

An essential read for all #leaders around #cybersecurity, looking beyond the #tech horizon, into the real dynamics of #security transformation

UPDATED edition now available here &gt;&gt; https://t.co/UyFdUpL6h7 https://t.co/CNNVCfQaoi",22.22
"Top Six #Cyber Trends CISOs Need to Know 

https://t.co/HBCqcBwTBH 

@InfoSecurityMag @ReporterCoker #tech #cybersecurity #security #infosec #leaders #leadership #business #management #CIO #CTO #CISO #CEO #cyberstrategy #securitystrategy #cyberresilience #cyberthreats https://t.co/c0TkcFKOlA",33.33
"RT @pampam7004: Me maltratou esse pirocudo, mas a pica sumiu na minha bucetona ğŸ™ˆğŸ”¥
#privacy #carioca #gostosa 
ASSINE MEU TELEGRAM ğŸ‘‡ğŸ¿ 
httpsâ€¦",33.33
"RT @Grin_MW: One buyer. One.
Has been quietly stacking $GRIN like itâ€™s a relic from a forgotten chain.
Today he dropped $4,000.
Price jumpeâ€¦",33.33
"RT @CMorhamed: He always gives me a cup of teağŸ˜³ğŸ¥µ
Actor @taylonsoarez

Complete on platforms ğŸ”¥
Only Fans;
https://t.co/efaTTHS6Au
OnNowPlay;â€¦",0.0
"Why can a password never be a good comedian?
â€¢ Because itâ€™s always too ""secure"" for jokes! ğŸ›¡ï¸ #privacy #incognito #Crypto #Cybersecurity #IntelliWallet #Blockchain #IntelliSoftAlpin #Security #PasswordManager https://t.co/s5Q7MOB7LP",11.11
"RT @pampam7004: Me maltratou esse pirocudo, mas a pica sumiu na minha bucetona ğŸ™ˆğŸ”¥
#privacy #carioca #gostosa 
ASSINE MEU TELEGRAM ğŸ‘‡ğŸ¿ 
httpsâ€¦",33.33
"RT @pampam7004: Me maltratou esse pirocudo, mas a pica sumiu na minha bucetona ğŸ™ˆğŸ”¥
#privacy #carioca #gostosa 
ASSINE MEU TELEGRAM ğŸ‘‡ğŸ¿ 
httpsâ€¦",33.33
"RT @Trisalconexao: https://t.co/ORQftwcd8v

#à¹à¸œà¹ˆà¸™à¸”à¸´à¸™à¹„à¸«à¸§ #Mirella #privacy https://t.co/YrK4kYbX8C",11.11
Requesting $SUI funds from the #Stakely Faucet on the Sui blockchain. Request ID: TQHQPO11 #privacy https://t.co/RC3d4WkSFV,11.11
"RT @victgirl: new video with lots of cum in the shower 

Link in bio ğŸ¤¤ğŸ’¦

#onlyfans #tgirl #transangel #PINTOAWARD #privacy https://t.co/7Hiâ€¦",11.11
"Aim and Fire Pepper Gel with Trigger and Grip Deployment

https://t.co/NY0QaBjB3x

https://t.co/OiyNPcL3UF

#peppergel #selfdefense #pepperspray #personalsafety #womenssafety #security #protection #nonlethal #edc #everydaycarry https://t.co/2OzT9smj1G",22.22
"RT @CMorhamed: He always gives me a cup of teağŸ˜³ğŸ¥µ
Actor @taylonsoarez

Complete on platforms ğŸ”¥
Only Fans;
https://t.co/efaTTHS6Au
OnNowPlay;â€¦",0.0
#Google Releases June Security Bulletin for #Android Devices to Fix Vulnerabilities https://t.co/1lxpepydX0 @Grace4Privacy #privacy https://t.co/9oH7AuuWV2,11.11
Requesting $SUI funds from the #Stakely Faucet on the Sui blockchain. Request ID: GP5IBV9H #privacy https://t.co/PRtFijT1Rh,11.11
"8 strange ways emproyees can (accidently) expose data
#DataSecurity #Privacy
#100DaysOfCode
#CloudSecurity
#MachineLearning #Phishing #Ransomware #Cybersecurity #CyberAttack #DataProtection
#DataBreach #Hacked
#Infosec!!",33.33
"The sale of Apple will be banned
 Watch in the US?#redhotcyber
#informationsecurity
#ethicalhacking
#dataprotection #hacking
#cybersecurity #cybercrime
#cybersecurityawareness
#cybersecuritytraining
#cybersecuritynews #privacy
#infosecurity",22.22
"""mito"" di ChatGPT e la disumanizzazione dei contenuti
#redhotcyber
#informationsecurity
#ethicalhacking
#dataprotection #hacking
#cybersecurity #cybercrime
#cybersecurityawareness
#cybersecuritytraining
#cybersecuritynews #privacy
#infosecurity",11.11
Robots powered by SaharaAI and blockchain are enhancing the security of critical infrastructure in the economy. #CriticalInfrastructure #Security @SaharaLabsAI #AIforALL,0.0
"software that hacks smartphones is online.
 LetThe's find out what the Cellebrite leak contains #redhotcyber
#informationsecurity
#ethicalhacking
#dataprotection #hacking
#cybersecurity #cybercrime
#cybersecuritynews #privacy
#infosecurity
cellebrite.",22.22
"8/8 The shift from generic AI to truly personal AI is happening NOW. 

PIN AI is positioning themselves at the center of this transformation. Worth watching closely ğŸ‘€

What are your thoughts on personal vs generic AI? Drop your takes below ğŸ‘‡

#PersonalAI #Privacy #Decentralized",77.78
"RT @CMorhamed: He always gives me a cup of teağŸ˜³ğŸ¥µ
Actor @taylonsoarez

Complete on platforms ğŸ”¥
Only Fans;
https://t.co/efaTTHS6Au
OnNowPlay;â€¦",0.0
"For support and help, contact your favorite #Hacker fast and reliable. All social media #CyberSecurity #hacker #infosec #Snapchat #security #cyber #opensource #cybercrime #crime #gdpr #cloud #cloudsecurity #dataprotection #Privacy #Instagram #Tiktok #malware #ransomware",22.22
"RT @brennovillarx: Wataa ğŸ”¥

#NSFW #AdultContent #OnlyFans #ContentCreator #SubscribeToMyOnlyFans #Privacy https://t.co/lIdhWaDOEi",11.11
"ğŸ‡ªğŸ‡ºğŸ¤ğŸ‡¿ğŸ‡¦ Europe's security scene could benefit from South Africa's private security evolution. Adaptive, innovative, and resilientâ€”there's a lot to learn! Dive into the insights ğŸ‘‰ https://t.co/YzlYn0lADZâ€¦ #Security #Innovation #SA #Europe",55.56
"RT @CMorhamed: He always gives me a cup of teağŸ˜³ğŸ¥µ
Actor @taylonsoarez

Complete on platforms ğŸ”¥
Only Fans;
https://t.co/efaTTHS6Au
OnNowPlay;â€¦",0.0
"Dm now for any hacking services or account recovery services 
I assure you nothing but the best services #iphone #icloud #document #snap #snapchat #snapchatsupport #instagram #facebook #DeleteSpotify #content #privacy #altcoinseason",11.11
"Hacking attempts on your device?
DM now for risk free security solutions. #risk #security #solutions #hacking #hack #solution #attempt #hackingattempt #securitysolutions #securitysolution",11.11
"RT @CMorhamed: He always gives me a cup of teağŸ˜³ğŸ¥µ
Actor @taylonsoarez

Complete on platforms ğŸ”¥
Only Fans;
https://t.co/efaTTHS6Au
OnNowPlay;â€¦",0.0
"RT @Shemaleatavares: Corre pro privacy que tem conteÃºdo novo e estÃ¡ uma delÃ­cia 

#privacy #onlyfans #onlyfansbabe",11.11
Requesting $SUI funds from the #Stakely Faucet on the Sui blockchain. Request ID: 5CAOHPKS #privacy https://t.co/PRtFijT1Rh,22.22
"Message me for Snapchat account hack #snap
Text me now for your stolen coins recovery,Iâ€™m active 247 #hacked #stolencoins #lostcoin #lostnft #stolencoin #hackedtoken #hackednft
Yâ€™all Message me for any account or hacking #CYBER #security #Coinbase #Bitcoinâ€¯â€¯#BNB",55.56
"RT @CMorhamed: He always gives me a cup of teağŸ˜³ğŸ¥µ
Actor @taylonsoarez

Complete on platforms ğŸ”¥
Only Fans;
https://t.co/efaTTHS6Au
OnNowPlay;â€¦",0.0
Requesting $SUI funds from the #Stakely Faucet on the Sui blockchain. Request ID: H9ANXT6W #privacy https://t.co/uZwKwV3jjz,11.11
RT @ivanoliiiveira: Uma gozada boa mais cadÃª uma boquinha pra eu despejar esse leite meu rs ğŸ”¥ğŸ¤¤ #gay #Sex #onlyfans #privacy #hot #videohotâ€¦,44.44
"RT @CMorhamed: He always gives me a cup of teağŸ˜³ğŸ¥µ
Actor @taylonsoarez

Complete on platforms ğŸ”¥
Only Fans;
https://t.co/efaTTHS6Au
OnNowPlay;â€¦",0.0
@kuriharan Great update! @alexgraytrust always shares solid insights on how these frameworks impact risk management. The NIST draft looks like a must-read for anyone in the spaceâ€”appreciate the heads-up! #tech #privacy,33.33
Requesting $EVMOS funds from the #Stakely Faucet on the Evmos EVM blockchain. Request ID: TCFYHDPM #privacy https://t.co/2iqZVmwRgR,0.0
"RT @DeBrosOfficial: AnChat: The Future of Secure Communication is coming soon!

Fully decentralized and powered by @AnyoneFDN to deliver unâ€¦",33.33
"RT @juju_marquezine: #tgata #riorelax #travesticomlocal #conteudoadulto #privacy 

https://t.co/UvYnFVaOQw https://t.co/py0himOWj7",11.11
"RT @juju_marquezine: #tgata #travesticomlocal #riorelex #privacy #vendadeconteudo 

https://t.co/skvpPltbXZ https://t.co/ktIc8HyFeN",22.22
"RT @juju_marquezine: AlguÃ©m me pegaria nessa posiÃ§Ã£o?

#tgata #riodejaneiro #riorelex #travesticomlocal #privacy https://t.co/folPOL8yCc",11.11
"RT @Dianatrans08: https://t.co/vD9nGEaIjI

#privacy #transsarada #amilpelobrasil #ensaio #ret https://t.co/y8zmRCeXlD",0.0
"Building a #Cyber-Resilient Organization CISOs Roadmap 

https://t.co/5NsCtyGQwQ 

@The_Cyber_News #tech #cybersecurity #security #infosec #leaders #leadership #business #management #governance #CIO #CTO #CISO #CEO #cyberresilience #cyberthreats #cyberattacks #databreaches https://t.co/DblNExc3Bk",33.33
Tether Drives $2.5B Stablecoin Surge as Crypto Thefts Hit $2.1B in 2025 #crypto #billion #tether #market #stablecoins #stablecoin #thefts #security #remains #traders https://t.co/eqD68WuBA1,77.78
Requesting $SUI funds from the #Stakely Faucet on the Sui blockchain. Request ID: HULOJW3J #privacy https://t.co/PRtFijT1Rh,11.11
"My Gmail account got Hacked, text me now for guide on how to recover your Account immediately #gmailhack #gmaildown #hacking #hacked #hackaccount
#Anonymous #snapchatgay #DataSecurity #Privacy
#100DaysOfCode #CloudSecurity
#MachineLearning #Phishing
#Ransomware #Cybersecurity",33.33
"@dogeai_gov @bennyjohnson When #laws are enforced, systems work.
#ICE isnâ€™t the problem itâ€™s the reset.
#Security without apology. Order without delay. Thatâ€™s what leadership looks like. #Kryptocean_",11.11
"Is mandatory password expiration helping or hurting your password security?
#DataSecurity #Privacy
#100DaysOfCode #CloudSecurity
#MachineLearning #Phishing #Ransomware #Cybersecurity #CyberAttack #DataProtection
#DataBreach #Hacked #Infosec",22.22
"If your account is Hacked, or your Account being tempered with, All you need is a Good hacker...
Inbox now for all Hacking Services
#Hacked #icloud #snapchat #Discord
#Roblox #missingphone #privacy
#CyberSecurity #cyberattack #Linux
#MachineLearning #DataScience
#DataAnalytics",77.78
Requesting $SUI funds from the #Stakely Faucet on the Sui blockchain. Request ID: QSGBIRXW #privacy https://t.co/PRtFijT1Rh,11.11
"RT @CMorhamed: He always gives me a cup of teağŸ˜³ğŸ¥µ
Actor @taylonsoarez

Complete on platforms ğŸ”¥
Only Fans;
https://t.co/efaTTHS6Au
OnNowPlay;â€¦",0.0
"RT @CMorhamed: He always gives me a cup of teağŸ˜³ğŸ¥µ
Actor @taylonsoarez

Complete on platforms ğŸ”¥
Only Fans;
https://t.co/efaTTHS6Au
OnNowPlay;â€¦",0.0
"Inbox now for all Hacking Services
#Hacked #icloud #snapchat #Discord #Roblox #missingphone #privacy 
If your Gmail account got Hacked, text me now for guide on how to recover your Account immediately #gmailhack. #gmaildown #hacking #hacked #hack #account #Anonymous https://t.co/t1xAc1ry99",66.67
"Dm now for any hacking services or account recovery services 
I assure you nothing but the best services #iphone #icloud #document #snap #snapchat #snapchatsupport #instagram #facebook #DeleteSpotify #content #privacy #altcoinseason",11.11
"RT @grego_magrin: Cara esse vÃ­deo ficou muito bom com meu primo @ofc_pivetin completo eu cheirando e faxinando ele lÃ¡ no #privacy 
https://â€¦",22.22
